stem	stem_unicode
nauč	nau\u010d
pouč	pou\u010d
douč	dou\u010d
zauč	zau\u010d
stem	NA
ubal	NA
ubangi	NA
ubaram	NA
ubastl	NA
ubav	NA
uběhat	NA
uběhl	NA
uběhn	NA
ubeh	NA
ubejv	NA
ubercart	NA
ubezpec	NA
ubezpeč	NA
ubíhaj	NA
ubíhat	NA
ubichinon	NA
ubíjej	NA
ubíjet	NA
ubilla	NA
ubiqu	NA
ubira	NA
ubíraj	NA
ubírat	NA
ubisoftí	NA
ub	NA
ubívat	NA
ubledl	NA
ublemc	NA
ublink	NA
ubliz	NA
ubliž	NA
ublíž	NA
ublogn	NA
ubohouč	NA
ubojov	NA
ubomír	NA
ubong	NA
ubosot	NA
ubozak	NA
ubožác	NA
ubožač	NA
ubožáček	NA
ubožák	NA
ubožátk	NA
ubran	NA
ubrán	NA
ubrat	NA
ubrbl	NA
ubreč	NA
ubrept	NA
ubrous	NA
ubrouš	NA
ubruč	NA
ubrus	NA
ubruš	NA
ubukat	NA
ubušín	NA
ubýhat	NA
ubýrat	NA
ubýt	NA
ubytek	NA
ubytov	NA
ubyva	NA
ubývaj	NA
ubývat	NA
ucapk	NA
ucaprt	NA
ucast	NA
ucebn	NA
uced	NA
ucednik	NA
ucela	NA
ucelen	NA
ucel	NA
ucelne	NA
uceně	NA
ucenie	NA
ucesa	NA
ucetkoruna	NA
ucetně	NA
ucetnictv	NA
ucetvana	NA
ucila	NA
ucime	NA
ucinca	NA
ucine	NA
ucini	NA
uci	NA
ucis	NA
ucíst	NA
ucitel	NA
uc	NA
ucít	NA
uciv	NA
uconnect	NA
ucour	NA
ucouv	NA
ucpáv	NA
ucrete	NA
ucta	NA
uctě	NA
ucten	NA
uctihod	NA
uct	NA
uctiv	NA
uctív	NA
uctyhod	NA
ucuc	NA
ucukn	NA
ucul	NA
ucvak	NA
ucvrk	NA
učarov	NA
učast	NA
učba	NA
učebn	NA
učedln	NA
učedn	NA
učelum	NA
učenc	NA
učeně	NA
učenec	NA
učenie	NA
učenl	NA
učesan	NA
učesat	NA
učetnictví	NA
učilišt	NA
učinca	NA
učinek	NA
učin	NA
učink	NA
učínk	NA
učírna	NA
učís	NA
učist	NA
učíst	NA
učitě	NA
učitel	NA
učitýlek	NA
učiv	NA
učívat	NA
učnák	NA
učnov	NA
učout	NA
učta	NA
učur	NA
učůr	NA
udaipur	NA
udajn	NA
udájně	NA
udajpur	NA
udalcov	NA
udalost	NA
událost	NA
udánl	NA
udaný	NA
udarnaja	NA
udát	NA
udatenství	NA
udatn	NA
udava	NA
udáva	NA
udáv	NA
uděat	NA
udejch	NA
udělai	NA
udelaíst	NA
udelaj	NA
udelalus	NA
udelame	NA
udelan	NA
udelas	NA
udelát	NA
udélat	NA
udělat	NA
udělát	NA
udelate	NA
udelatk	NA
udelej	NA
udělet	NA
udel	NA
uděl	NA
uděliv	NA
udelmout	NA
udelo	NA
udělov	NA
udělt	NA
udep	NA
uderne	NA
udeř	NA
udes	NA
uděš	NA
udgister	NA
udidýlk	NA
udílecí	NA
udílej	NA
udílet	NA
udirig	NA
udírna	NA
udiv	NA
udivus	NA
udmurt	NA
udolat	NA
udole	NA
udoli	NA
udolí	NA
udomácn	NA
udrat	NA
udrbat	NA
udrol	NA
udrzat	NA
udrzb	NA
udrzeliv	NA
udrzet	NA
udrzim	NA
udrzitelne	NA
udrziv	NA
udrzovan	NA
udržba	NA
udržbář	NA
udržbus	NA
udržet	NA
udržim	NA
udrž	NA
udržov	NA
udř	NA
udupat	NA
udusat	NA
udusáv	NA
udus	NA
udých	NA
udžet	NA
ueapme	NA
uegister	NA
uehara	NA
uešiba	NA
uháčk	NA
uhad	NA
uhádat	NA
uhádn	NA
uhaj	NA
uháj	NA
uháněj	NA
uhánět	NA
uhasín	NA
uhas	NA
uhasl	NA
uhasn	NA
uhaš	NA
uházet	NA
uhbardžán	NA
uherák	NA
uherce	NA
uherek	NA
uhlář	NA
uhle	NA
uhléd	NA
uhliarik	NA
uhlič	NA
uhlid	NA
uhlíd	NA
uhlie	NA
uhlik	NA
uhlík	NA
uhlíř	NA
uhliště	NA
uhliv	NA
uhlobaron	NA
uhlohydrát	NA
uhlokop	NA
uhlonos	NA
uhlopříč	NA
uhlově	NA
uhlovodan	NA
uhlozbyt	NA
uhlsport	NA
uhmwpe	NA
uhnat	NA
uhnil	NA
uhníst	NA
uhn	NA
uhnív	NA
uhnízd	NA
uh	NA
uhod	NA
uhodn	NA
uhol	NA
uhona	NA
uhon	NA
uhorč	NA
uhořel	NA
uhost	NA
uhoup	NA
uhrab	NA
uhráb	NA
uhrad	NA
uhran	NA
uhras	NA
uhrat	NA
uhrát	NA
uhraz	NA
uhryz	NA
uhrýzt	NA
uhřát	NA
uhřič	NA
uhříněv	NA
uhřiněves	NA
uhřínov	NA
uhýbaj	NA
uhybat	NA
uhýbat	NA
uhyn	NA
uhýrek	NA
uchaz	NA
ucház	NA
uchecht	NA
uchida	NA
uchisar	NA
uchlad	NA
uchlast	NA
uchlaz	NA
uchran	NA
uchrán	NA
uchřad	NA
uchvac	NA
uchvác	NA
uchvál	NA
uchvat	NA
uchvát	NA
uchyl	NA
uchýl	NA
uchyst	NA
uchyt	NA
uickey	NA
uinvest	NA
ujařm	NA
ujasn	NA
ujat	NA
ujčov	NA
ujedn	NA
ujem	NA
ujepus	NA
ujetina	NA
uježd	NA
ujgur	NA
ujídat	NA
ujímaj	NA
ujímat	NA
ujímav	NA
ujist	NA
ujíst	NA
ujišt	NA
uj	NA
ujížd	NA
ujma	NA
ujmě	NA
ujmout	NA
ujmut	NA
ujmy	NA
ujst	NA
ukádat	NA
ukájej	NA
ukajet	NA
ukájet	NA
ukal	NA
ukamen	NA
uka	NA
ukapáv	NA
ukápn	NA
ukašl	NA
ukaza	NA
ukáza	NA
ukazál	NA
ukazát	NA
ukázát	NA
ukazek	NA
ukazes	NA
ukazet	NA
ukázet	NA
ukazk	NA
ukázk	NA
ukazmout	NA
ukázn	NA
ukazout	NA
ukazov	NA
ukazujes	NA
ukazus	NA
ukáž	NA
ukaže	NA
ukaží	NA
ukažse	NA
ukecan	NA
ukecat	NA
ukecáv	NA
ukec	NA
ukerewe	NA
ukitake	NA
uklád	NA
uklep	NA
ukličk	NA
uklid	NA
uklik	NA
ukliz	NA
uklíz	NA
uklohn	NA
uklon	NA
uklouz	NA
uknut	NA
ukobyl	NA
ukocir	NA
ukočír	NA
ukoč	NA
ukojen	NA
ukoj	NA
ukola	NA
ukoléb	NA
ukolíb	NA
ukoliv	NA
ukolo	NA
ukolus	NA
ukonc	NA
ukonč	NA
ukonejš	NA
ukopat	NA
ukopn	NA
ukopt	NA
ukorig	NA
ukorvana	NA
ukořist	NA
ukostř	NA
ukotv	NA
ukouř	NA
ukous	NA
ukout	NA
ukovat	NA
ukrad	NA
ukrád	NA
ukraina	NA
ukraine	NA
ukrainian	NA
ukrast	NA
ukrást	NA
ukrát	NA
ukrejv	NA
ukridge	NA
ukroč	NA
ukroj	NA
ukrot	NA
ukrouc	NA
ukrout	NA
ukryt	NA
ukrýt	NA
ukrýv	NA
ukřič	NA
ukřivd	NA
ukucht	NA
ukulele	NA
ukuteč	NA
ukut	NA
ukvap	NA
ukvič	NA
ukvok	NA
ukývat	NA
uladzimir	NA
ulahod	NA
ulamat	NA
ulámat	NA
ulamov	NA
ulanbátar	NA
ulánbátar	NA
ulap	NA
ulbert	NA
ulbrich	NA
uldrich	NA
uldrych	NA
ulebardžán	NA
uléhaj	NA
ulehat	NA
uléhat	NA
ulehl	NA
ulehn	NA
ulecht	NA
ulejt	NA
ulejv	NA
ulekn	NA
ulepen	NA
ulep	NA
ulet	NA
ulétat	NA
ulétl	NA
ulétn	NA
ulévat	NA
ulevi	NA
ulevva	NA
ulézt	NA
uležel	NA
uležet	NA
ulfrik	NA
ulián	NA
ulíbat	NA
ulica	NA
ulicce	NA
ulici	NA
ulicky	NA
ulicov	NA
uličk	NA
uličn	NA
uliginosum	NA
ulich	NA
ulike	NA
ulimex	NA
ulises	NA
ulisse	NA
ulítat	NA
ulitě	NA
ulítl	NA
ulítn	NA
ulívat	NA
uliz	NA
ulízat	NA
ulízl	NA
ulíz	NA
uljana	NA
uljanov	NA
ulkus	NA
ulldart	NA
ullik	NA
ulliott	NA
ullman	NA
ullrich	NA
ullrych	NA
ulman	NA
ulmánek	NA
ulmaria	NA
ulnaris	NA
ulner	NA
ulohus	NA
ulovek	NA
ulov	NA
ulozen	NA
ulozet	NA
ulozim	NA
ulozis	NA
uloz	NA
uložen	NA
uložiště	NA
ulož	NA
ulpět	NA
ulpív	NA
ulrich	NA
ulrike	NA
ulrych	NA
ulster	NA
ulterior	NA
ulther	NA
ultiair	NA
ultreia	NA
ultrium	NA
ultron	NA
uluwatus	NA
ulvaeus	NA
ulvang	NA
ulysse	NA
umacon	NA
umáčet	NA
umačk	NA
umáčk	NA
umaflor	NA
umajjov	NA
umakart	NA
uma	NA
umanut	NA
umarov	NA
umarth	NA
umast	NA
umašt	NA
umatl	NA
umávat	NA
umazan	NA
umazáv	NA
umazl	NA
umáz	NA
umbellata	NA
umbellatus	NA
umberger	NA
umbrell	NA
umbreon	NA
umcaca	NA
umdlel	NA
umdl	NA
umeboshi	NA
uměj	NA
umejv	NA
umělák	NA
umelc	NA
umělc	NA
umele	NA
uměle	NA
umělě	NA
umělin	NA
umeliv	NA
umělotina	NA
uměna	NA
umeně	NA
umenia	NA
umenie	NA
umenim	NA
ume	NA
uměnověd	NA
umenš	NA
umeocet	NA
umeoct	NA
umerna	NA
umerne	NA
uměrně	NA
uměřen	NA
uměř	NA
umést	NA
umět	NA
umetat	NA
umgebung	NA
umích	NA
umiíst	NA
umijus	NA
umime	NA
umíněn	NA
umín	NA
umira	NA
umíra	NA
umíráček	NA
umírn	NA
umís	NA
umist	NA
umíst	NA
umíšt	NA
umite	NA
umívat	NA
umixov	NA
umlác	NA
umlat	NA
umlátěj	NA
umlauf	NA
umlcet	NA
umlčet	NA
umlčov	NA
umlet	NA
uml	NA
umlkat	NA
umlkl	NA
umlk	NA
umlouv	NA
umluv	NA
ummagumma	NA
ummet	NA
ummfiras	NA
ummites	NA
umocn	NA
umodř	NA
umolous	NA
umord	NA
umorous	NA
umoř	NA
umořov	NA
umotat	NA
umoudř	NA
umoun	NA
umozn	NA
umoží	NA
umožn	NA
umpire	NA
umprum	NA
umravn	NA
umrdat	NA
umreliv	NA
umr	NA
umrlčí	NA
umrtí	NA
umrtn	NA
umrtv	NA
umrzaj	NA
umrzat	NA
umrzl	NA
umrzn	NA
umřel	NA
umř	NA
umtvana	NA
umuč	NA
umwelt	NA
umýací	NA
umydl	NA
umysl	NA
umýt	NA
umytí	NA
umývač	NA
umyvadélk	NA
umyvadl	NA
umývadl	NA
umyvadýlk	NA
umývaj	NA
umyvár	NA
umývár	NA
umyvarna	NA
umyvat	NA
umývátk	NA
unable	NA
unaffected	NA
unáhl	NA
unaids	NA
unak	NA
uname	NA
unamun	NA
unarclub	NA
unarfilm	NA
unart	NA
unaset	NA
unasur	NA
unášecí	NA
unašeč	NA
unášeč	NA
unášej	NA
unášet	NA
unava	NA
unave	NA
unav	NA
unavix	NA
unavný	NA
unavout	NA
unbiased	NA
unbound	NA
unboxing	NA
unbroken	NA
unbundling	NA
uncajtik	NA
uncensored	NA
uncinata	NA
uncitral	NA
uncoated	NA
uncommon	NA
unčín	NA
undeground	NA
undisputed	NA
undressed	NA
undying	NA
undzwei	NA
unest	NA
unést	NA
unetbootin	NA
unfaithful	NA
unfccc	NA
unfinished	NA
unfollow	NA
ungelt	NA
unguja	NA
unhook	NA
unhynek	NA
unibeta	NA
unibetát	NA
unibetus	NA
unibind	NA
unibon	NA
unibos	NA
unibox	NA
unicefus	NA
unicert	NA
unic	NA
unicod	NA
unicolor	NA
unicom	NA
unicore	NA
unicorns	NA
unicron	NA
unič	NA
uničov	NA
unidac	NA
unidad	NA
unidos	NA
unidro	NA
unient	NA
unifik	NA
unifil	NA
uniflair	NA
uniflora	NA
uniflow	NA
unifor	NA
unifrax	NA
unifying	NA
unigine	NA
uniglobe	NA
unihoc	NA
unihold	NA
unijazz	NA
unijně	NA
unikat	NA
unikát	NA
uníkát	NA
unikav	NA
unikn	NA
unikol	NA
unikom	NA
unikont	NA
unikum	NA
unilakt	NA
uniles	NA
unilift	NA
unilin	NA
unimarc	NA
unimaster	NA
unimat	NA
unimax	NA
unimex	NA
unimoda	NA
unimog	NA
uninstall	NA
union	NA
unipack	NA
uniplet	NA
unipress	NA
uniques	NA
uniroyal	NA
unisolar	NA
unisport	NA
unistav	NA
unitaria	NA
unitarie	NA
unitatis	NA
unitherm	NA
unitrack	NA
unittest	NA
univet	NA
univez	NA
uniwise	NA
unixin	NA
unkilled	NA
unleash	NA
unmanaged	NA
unmanned	NA
unmasked	NA
unnatural	NA
unobardžán	NA
unocal	NA
unohana	NA
unordered	NA
unos	NA
unož	NA
unpacked	NA
unplugged	NA
unported	NA
unprofor	NA
unranked	NA
unrated	NA
unrealus	NA
unruh	NA
unsane	NA
unser	NA
unset	NA
unsound	NA
unspoken	NA
unstable	NA
untamed	NA
unter	NA
unthanks	NA
untitled	NA
untoxin	NA
unud	NA
ununun	NA
unveiled	NA
unvitř	NA
unyle	NA
unýst	NA
unzeitig	NA
unzip	NA
uondat	NA
uovision	NA
upada	NA
upadáv	NA
upadek	NA
upadkus	NA
upadl	NA
upadn	NA
upacht	NA
upal	NA
upál	NA
upalov	NA
upatí	NA
upatl	NA
upaž	NA
upcoming	NA
upcto	NA
updat	NA
upéci	NA
upect	NA
upeč	NA
upěch	NA
upejp	NA
upevn	NA
upgates	NA
upch	NA
upchurch	NA
upich	NA
upích	NA
upíjej	NA
upíjet	NA
upilov	NA
upina	NA
upínaj	NA
upínák	NA
upira	NA
upíraj	NA
upirát	NA
upírat	NA
upírství	NA
upířina	NA
upísk	NA
upisov	NA
upišt	NA
upižl	NA
upjat	NA
upjers	NA
uplac	NA
uplác	NA
uplak	NA
uplat	NA
uplav	NA
uplay	NA
upléct	NA
upledger	NA
uplejší	NA
uplet	NA
uplét	NA
uplicht	NA
uplin	NA
upl	NA
upliv	NA
uplna	NA
uplně	NA
uplneho	NA
uplno	NA
uplnul	NA
uplnynul	NA
upload	NA
uplout	NA
uplut	NA
uplyn	NA
uplýv	NA
upmatic	NA
upocen	NA
upokoj	NA
upolín	NA
upologus	NA
upolu	NA
upomen	NA
upomin	NA
upomín	NA
upořád	NA
upostřed	NA
upot	NA
upotřeb	NA
upoušt	NA
upout	NA
upovat	NA
upovíd	NA
upozad	NA
upozor	NA
upper	NA
uprac	NA
upráš	NA
uprat	NA
uprav	NA
uprawet	NA
uprázdn	NA
upraž	NA
uprdn	NA
upresn	NA
uprchl	NA
uprchn	NA
upright	NA
uprim	NA
uprím	NA
uprising	NA
upr	NA
uprock	NA
upros	NA
uprotřed	NA
uprsk	NA
upřed	NA
upřeně	NA
upřesn	NA
upříliš	NA
upřim	NA
upřím	NA
upříst	NA
upř	NA
upřostřed	NA
upside	NA
upstairs	NA
upstart	NA
upstate	NA
upstream	NA
upšoukn	NA
uptake	NA
uptrend	NA
upust	NA
upušt	NA
upytlač	NA
uracil	NA
uráč	NA
urada	NA
urade	NA
urad	NA
uradum	NA
uradus	NA
uragan	NA
uraggan	NA
uraha	NA
uralensis	NA
uranium	NA
urasenke	NA
uraze	NA
urazis	NA
uraz	NA
uraziv	NA
urazliv	NA
urazum	NA
urazus	NA
urážej	NA
uražen	NA
uražet	NA
urážet	NA
urážl	NA
urbact	NA
urbach	NA
urban	NA
urbán	NA
urbár	NA
urbardžán	NA
urbariál	NA
urbář	NA
urbášek	NA
urbášk	NA
urbium	NA
urcena	NA
urcene	NA
urceně	NA
urce	NA
urcený	NA
urcil	NA
urc	NA
určen	NA
určet	NA
určiě	NA
určiíst	NA
určime	NA
určině	NA
urč	NA
určov	NA
určtě	NA
určtiě	NA
určutě	NA
urdsky	NA
urdština	NA
ureáza	NA
uredn	NA
urejp	NA
uremie	NA
urémie	NA
urena	NA
urengoj	NA
urens	NA
uretan	NA
ureter	NA
urethan	NA
uretra	NA
uretrál	NA
uretritida	NA
urfus	NA
urgency	NA
urgenč	NA
urgent	NA
urgov	NA
urgura	NA
urchin	NA
uricte	NA
uridium	NA
urique	NA
uriz	NA
urlaub	NA
urlich	NA
urlloader	NA
urlstream	NA
urmack	NA
uroaxiál	NA
urobia	NA
urob	NA
urobora	NA
uroboros	NA
urocich	NA
uroda	NA
urod	NA
urodos	NA
urogallus	NA
urografie	NA
uroinfekc	NA
uroke	NA
uroko	NA
uroku	NA
urolbov	NA
urol	NA
urolog	NA
urolož	NA
uron	NA
urosensor	NA
uros	NA
uroševac	NA
urous	NA
urove	NA
urovn	NA
urozen	NA
urpostřed	NA
urput	NA
urquiol	NA
urřitě	NA
ursan	NA
ursin	NA
ursis	NA
urson	NA
ursprung	NA
ursula	NA
ursus	NA
urszula	NA
uršitě	NA
uršul	NA
urtekram	NA
uruba	NA
uruha	NA
urůst	NA
uruzgán	NA
urválek	NA
urvana	NA
urvat	NA
urychl	NA
urýp	NA
urysk	NA
urýt	NA
uryvek	NA
urzaiz	NA
urzidil	NA
urzon	NA
uržet	NA
uřada	NA
uřad	NA
uřadus	NA
uřčitě	NA
uředn	NA
uřeht	NA
uřekn	NA
uřezat	NA
uřezáv	NA
uříc	NA
uřičař	NA
uřičář	NA
uříd	NA
uřít	NA
uřízl	NA
uřízn	NA
uřk	NA
uřvan	NA
uřvat	NA
usaaf	NA
usabil	NA
usada	NA
usad	NA
usadivší	NA
usalaš	NA
usámův	NA
usaostat	NA
usareur	NA
usárna	NA
usart	NA
usazen	NA
usaznám	NA
usazov	NA
usbardžán	NA
usdcad	NA
usdczk	NA
usdchf	NA
usebír	NA
usebr	NA
usedaj	NA
usedat	NA
usedět	NA
usedl	NA
usedn	NA
usedom	NA
useful	NA
usekat	NA
usekáv	NA
usekl	NA
usekn	NA
usenet	NA
usera	NA
userform	NA
userguide	NA
userid	NA
usernam	NA
usetr	NA
usewood	NA
usher	NA
uschn	NA
uschopn	NA
uschov	NA
usidl	NA
usídl	NA
usich	NA
usile	NA
usilí	NA
usilov	NA
usilus	NA
usima	NA
usina	NA
usínaj	NA
usínat	NA
usi	NA
usirev	NA
usirov	NA
usírus	NA
uskak	NA
uskák	NA
uskaliv	NA
usklád	NA
uskoč	NA
uskod	NA
uskok	NA
uskromn	NA
uskrovn	NA
uskři	NA
uskříp	NA
uskteč	NA
uskup	NA
uskute	NA
uskutoč	NA
usled	NA
uslechtile	NA
uslint	NA
uslysim	NA
uslysis	NA
uslyš	NA
usman	NA
usmat	NA
usmát	NA
usmaž	NA
usmej	NA
usmern	NA
usměrn	NA
usmev	NA
usměv	NA
usmiř	NA
usmíř	NA
usmiv	NA
usmív	NA
usmlouv	NA
usmol	NA
usmout	NA
usmrc	NA
usmrk	NA
usmrt	NA
usmýk	NA
usmysl	NA
usnad	NA
usnáš	NA
usnes	NA
usnést	NA
usneš	NA
usn	NA
us	NA
usnuvší	NA
usopl	NA
usoud	NA
usouz	NA
usouž	NA
uspav	NA
uspáv	NA
uspech	NA
uspěch	NA
uspenskij	NA
uspes	NA
uspěš	NA
uspet	NA
uspět	NA
uspěvší	NA
uspiš	NA
uspíš	NA
uspoj	NA
uspok	NA
uspor	NA
uspoř	NA
uspřád	NA
uspta	NA
uspůsob	NA
usrael	NA
usrat	NA
usrives	NA
usrkáv	NA
usrkn	NA
ussuri	NA
ustáj	NA
ustajov	NA
ustal	NA
ustál	NA
ustan	NA
ustar	NA
ustaša	NA
ustašov	NA
ustat	NA
ustát	NA
ustav	NA
ustáv	NA
ustec	NA
uster	NA
ustí	NA
ustilag	NA
ustim	NA
ustinov	NA
ustlat	NA
ustně	NA
ustojim	NA
ustoup	NA
ustran	NA
ustraš	NA
ustráž	NA
ustrč	NA
ustream	NA
ustredna	NA
ustredni	NA
ustrih	NA
ustrk	NA
ustrn	NA
ustroj	NA
ustrouh	NA
ustřed	NA
ustřel	NA
ustřih	NA
ustříh	NA
ustřík	NA
ustříl	NA
ustřiž	NA
ustup	NA
ustyd	NA
ustýl	NA
usudek	NA
usudkus	NA
usurij	NA
usurpa	NA
ususim	NA
usus	NA
usuš	NA
usuzov	NA
usvědč	NA
usv	NA
usych	NA
usých	NA
usyk	NA
usypat	NA
ušáček	NA
ušáčk	NA
ušák	NA
ušakov	NA
ušař	NA
ušesat	NA
ušetř	NA
ušiak	NA
ušíčk	NA
uširv	NA
ušisk	NA
ušislyš	NA
ušišl	NA
uš	NA
uškat	NA
uškleb	NA
ušklib	NA
ušklíb	NA
uškod	NA
uškovič	NA
uškráb	NA
uškrc	NA
uškub	NA
uškudl	NA
uškvař	NA
ušlap	NA
ušláp	NA
ušleh	NA
ušlechtil	NA
ušmik	NA
ušmoul	NA
ušmour	NA
ušmudl	NA
ušoun	NA
ušoup	NA
ušpin	NA
uštědř	NA
uštěk	NA
uštěpač	NA
uštip	NA
uštíp	NA
uštkn	NA
uštrik	NA
uštř	NA
uštvat	NA
utáboř	NA
utahan	NA
utahat	NA
utahensis	NA
utáhl	NA
utahn	NA
utáhn	NA
utahov	NA
utair	NA
utajen	NA
utaj	NA
utajov	NA
utanc	NA
utanč	NA
utápěj	NA
utav	NA
utaž	NA
utbardžán	NA
utčitě	NA
utece	NA
utéci	NA
utect	NA
utečen	NA
utečně	NA
utecha	NA
utěcha	NA
utekaj	NA
utekl	NA
utemov	NA
utendum	NA
utepl	NA
utěrák	NA
uterákom	NA
uteri	NA
uterk	NA
uterus	NA
uterý	NA
utěsn	NA
utesnenie	NA
utěšen	NA
utěš	NA
utěšovat	NA
uteuša	NA
utgister	NA
uthmán	NA
utchoud	NA
utica	NA
utich	NA
utíka	NA
utíkáček	NA
utikaliv	NA
utikam	NA
utikat	NA
utikej	NA
utilis	NA
utils	NA
utínat	NA
utíp	NA
utíraj	NA
utirat	NA
utírat	NA
utisk	NA
utiš	NA
utišt	NA
utkan	NA
utkat	NA
utkáv	NA
utkvěl	NA
utkv	NA
utlac	NA
utlač	NA
utláč	NA
utlak	NA
utlesk	NA
utlouci	NA
utlouk	NA
utluč	NA
utlum	NA
ut	NA
utobus	NA
utocil	NA
utociste	NA
utoc	NA
utocna	NA
utocne	NA
utocni	NA
utoč	NA
utočn	NA
utoek	NA
utoke	NA
utokum	NA
utokus	NA
utomat	NA
utonul	NA
utopen	NA
utopia	NA
utopičn	NA
utopie	NA
utop	NA
utorok	NA
utorrent	NA
utoya	NA
utrac	NA
utrác	NA
utrakv	NA
utráp	NA
utrat	NA
utrecht	NA
utrejch	NA
utrel	NA
utrhač	NA
utrhat	NA
utrhl	NA
utrhn	NA
utrin	NA
utr	NA
utrmác	NA
utrous	NA
utrouš	NA
utrpenie	NA
utrpenim	NA
utrpět	NA
utrum	NA
utrž	NA
utřást	NA
utřep	NA
utříb	NA
utříd	NA
utřinos	NA
utř	NA
utsumi	NA
uttendorf	NA
utuhl	NA
utuhn	NA
utuch	NA
utulek	NA
utulkum	NA
utulne	NA
utulnydum	NA
ututl	NA
utuž	NA
utužov	NA
utvana	NA
utvar	NA
utvář	NA
utvařeč	NA
utvor	NA
utvoř	NA
utvrz	NA
utýrat	NA
uvadaj	NA
uvadat	NA
uvade	NA
uváděcí	NA
uvaděč	NA
uváděj	NA
uvádět	NA
uvadi	NA
uvadl	NA
uvadn	NA
uvadza	NA
uvádza	NA
uvaha	NA
uvahum	NA
uvahus	NA
uválc	NA
uválet	NA
uval	NA
uvalov	NA
uvarenk	NA
uvari	NA
uvarov	NA
uvař	NA
uvaza	NA
uvázat	NA
uvaze	NA
uvazim	NA
uvazišt	NA
uvázl	NA
uvázn	NA
uvazov	NA
uvazujes	NA
uvaž	NA
uvážen	NA
uvážet	NA
uváž	NA
uvážl	NA
uvážut	NA
uveál	NA
uveden	NA
uvední	NA
uvedom	NA
uvědom	NA
uvédst	NA
uveitida	NA
uveitis	NA
uveleb	NA
uventu	NA
uvera	NA
uverejn	NA
uveri	NA
uverov	NA
uverus	NA
uvěrus	NA
uveřejn	NA
uvěřejn	NA
uveř	NA
uvěř	NA
uvěřivší	NA
uvest	NA
uvést	NA
uvězn	NA
uvézt	NA
uvidět	NA
uvidi	NA
uvid	NA
uviedol	NA
uviest	NA
uvíjet	NA
uviset	NA
uvis	NA
uvitaliv	NA
uvitam	NA
uvítanie	NA
uvítat	NA
uvitmout	NA
uvitř	NA
uvízlo	NA
uvízn	NA
uvláč	NA
uvniř	NA
uvn	NA
uvnítř	NA
uvntř	NA
uvode	NA
uvod	NA
uvodn	NA
uvol	NA
uvoln	NA
uvozhř	NA
uvozov	NA
uvrhat	NA
uvrhn	NA
uvrtat	NA
uvrtět	NA
uvřešt	NA
uvřísk	NA
uvula	NA
uvykat	NA
uvykl	NA
uvyk	NA
uvzdych	NA
uvztek	NA
uzakon	NA
uzákon	NA
uzamč	NA
uzamk	NA
uzamyk	NA
uzance	NA
uzanč	NA
uzard	NA
uzasn	NA
uzávěr	NA
uzavir	NA
uzavír	NA
uzavr	NA
uzavř	NA
uzbec	NA
uzbečtina	NA
uzbek	NA
uzbroj	NA
uzdař	NA
uzdec	NA
uzdeč	NA
uzdičk	NA
uzd	NA
uzdrav	NA
uzdvih	NA
uzedeč	NA
uzemn	NA
uzenáč	NA
uzenář	NA
uzene	NA
uzijem	NA
uzijes	NA
uzile	NA
uzi	NA
uz	NA
uzitec	NA
uzitek	NA
uzitkum	NA
uzitkus	NA
uzivam	NA
uzivan	NA
uzivas	NA
uzívat	NA
uzivate	NA
uzivbe	NA
uziv	NA
uzkej	NA
uzkostliv	NA
uzlař	NA
uzlíčk	NA
uzlik	NA
uzlík	NA
uzlin	NA
uzl	NA
uzlov	NA
uzmut	NA
uznal	NA
uznamen	NA
uznan	NA
uznas	NA
uznat	NA
uznav	NA
uznáv	NA
uzobáv	NA
uzob	NA
uzouč	NA
uzouf	NA
uzoul	NA
uzoun	NA
uzpln	NA
uzpusob	NA
uzpůsob	NA
uzrál	NA
uzrát	NA
uzráv	NA
uzř	NA
uzumaki	NA
uzurp	NA
uzved	NA
užáásný	NA
užalov	NA
užasl	NA
užasn	NA
uždib	NA
uždíb	NA
užhorod	NA
užíraj	NA
užírat	NA
užite	NA
užitěč	NA
užítí	NA
užitk	NA
užitn	NA
užitoč	NA
uživa	NA
užíva	NA
užívát	NA
uživ	NA
užjsiv	NA
užmoul	NA
užovkov	NA
užrat	NA
užvan	NA
užvat	NA
